file,alloy,aging_hours,idx,status,scale_source,px_size_um,mean_thickness_um,median_thickness_um,std_thickness_um,min_thickness_um,max_thickness_um,mean_thickness_px,mode,solder_detected,confidence,pct_valid_columns,needs_review
E:\00_정명진\03_연구실 컴퓨터\03_SBSAC_Reliability\IMC 측정\0_0_20.jpg,0,0,20,ok,E:\00_정명진\03_연구실 컴퓨터\03_SBSAC_Reliability\240806_SEM\0_0_20.txt,0.018867924528301886,8.584153891509434,9.99056603773585,4.452643584442476,0.5849056603773585,13.415094339622641,454.96015625,texture-seam Cu boundary + grayscale phase grouping (area method),True,medium-high (자동 검출 — 오버레이 육안 확인 권장),1.0,False
E:\00_정명진\03_연구실 컴퓨터\03_SBSAC_Reliability\IMC 측정\0_1000_9.jpg,0,1000,9,ok,E:\00_정명진\03_연구실 컴퓨터\03_SBSAC_Reliability\240725_SEM image\0_1000_9.txt,0.018867924528301886,7.371314858490566,6.4245283018867925,3.242446648832352,3.7735849056603774,13.150943396226415,390.6796875,texture-seam Cu boundary + grayscale phase grouping (area method),True,medium-high (자동 검출 — 오버레이 육안 확인 권장),1.0,False
E:\00_정명진\03_연구실 컴퓨터\03_SBSAC_Reliability\IMC 측정\0_200_19.jpg,0,200,19,ok,E:\00_정명진\03_연구실 컴퓨터\03_SBSAC_Reliability\240801_SEM\0_200_19.txt,0.018867924528301886,2.466774764150943,2.188679245283019,0.8229504702879774,1.2452830188679245,5.30188679245283,130.7390625,texture-seam Cu boundary + grayscale phase grouping (area method),True,medium-high (자동 검출 — 오버레이 육안 확인 권장),1.0,False
E:\00_정명진\03_연구실 컴퓨터\03_SBSAC_Reliability\IMC 측정\0_500_3.jpg,0,500,3,ok,E:\00_정명진\03_연구실 컴퓨터\03_SBSAC_Reliability\240725_SEM image\0_500_3.txt,0.018867924528301886,8.32995283018868,10.90566037735849,4.982218621444208,2.509433962264151,14.245283018867925,441.4875,texture-seam Cu boundary + grayscale phase grouping (area method),True,medium-high (자동 검출 — 오버레이 육안 확인 권장),1.0,False
E:\00_정명진\03_연구실 컴퓨터\03_SBSAC_Reliability\IMC 측정\100_0_5.jpg,100,0,5,ok,E:\00_정명진\03_연구실 컴퓨터\03_SBSAC_Reliability\240806_SEM\100_0_5.txt,0.018867924528301886,8.68352004716981,8.830188679245282,2.3410458796412166,2.3773584905660377,12.132075471698112,460.2265625,texture-seam Cu boundary + grayscale phase grouping (area method),True,medium-high (자동 검출 — 오버레이 육안 확인 권장),1.0,False
E:\00_정명진\03_연구실 컴퓨터\03_SBSAC_Reliability\IMC 측정\100_1000_11.jpg,100,1000,11,ok,E:\00_정명진\03_연구실 컴퓨터\03_SBSAC_Reliability\240827_SEM\100_1000_11.txt,0.03018867924528302,4.4559999999999995,3.5320754716981133,1.8678332525821895,2.2943396226415094,7.758490566037736,147.605,texture-seam Cu boundary + grayscale phase grouping (area method),True,medium-high (자동 검출 — 오버레이 육안 확인 권장),1.0,False
E:\00_정명진\03_연구실 컴퓨터\03_SBSAC_Reliability\IMC 측정\100_200_9.jpg,100,200,9,ok,E:\00_정명진\03_연구실 컴퓨터\03_SBSAC_Reliability\240806_SEM\100_200_9.txt,0.018867924528301886,5.1640625,5.754716981132075,2.2212374569920192,1.169811320754717,10.018867924528301,273.6953125,texture-seam Cu boundary + grayscale phase grouping (area method),True,medium-high (자동 검출 — 오버레이 육안 확인 권장),1.0,False
E:\00_정명진\03_연구실 컴퓨터\03_SBSAC_Reliability\IMC 측정\100_500_28.jpg,100,500,28,ok,E:\00_정명진\03_연구실 컴퓨터\03_SBSAC_Reliability\240806_SEM\100_500_28.txt,0.018867924528301886,12.74323408018868,12.81132075471698,0.4081759245756105,10.81132075471698,13.433962264150942,675.39140625,texture-seam Cu boundary + grayscale phase grouping (area method),True,medium-high (자동 검출 — 오버레이 육안 확인 권장),1.0,False
E:\00_정명진\03_연구실 컴퓨터\03_SBSAC_Reliability\IMC 측정\50_0_21.jpg,50,0,21,ok,E:\00_정명진\03_연구실 컴퓨터\03_SBSAC_Reliability\240806_SEM\50_0_21.txt,0.018867924528301886,8.090860849056604,10.660377358490566,4.861260272751314,1.3773584905660377,13.283018867924527,428.815625,texture-seam Cu boundary + grayscale phase grouping (area method),True,medium-high (자동 검출 — 오버레이 육안 확인 권장),1.0,False
E:\00_정명진\03_연구실 컴퓨터\03_SBSAC_Reliability\IMC 측정\50_1000_10.jpg,50,1000,10,ok,E:\00_정명진\03_연구실 컴퓨터\03_SBSAC_Reliability\240725_SEM image\50_1000_10.txt,0.018867924528301886,13.022700471698112,13.20754716981132,0.7370573932937879,9.867924528301886,14.018867924528301,690.203125,texture-seam Cu boundary + grayscale phase grouping (area method),True,medium-high (자동 검출 — 오버레이 육안 확인 권장),1.0,False
E:\00_정명진\03_연구실 컴퓨터\03_SBSAC_Reliability\IMC 측정\50_200_5.jpg,50,200,5,ok,E:\00_정명진\03_연구실 컴퓨터\03_SBSAC_Reliability\240801_SEM\50_200_5.txt,0.018867924528301886,3.769015330188679,3.1132075471698113,1.5286704403870781,1.6981132075471697,7.0754716981132075,199.7578125,texture-seam Cu boundary + grayscale phase grouping (area method),True,medium-high (자동 검출 — 오버레이 육안 확인 권장),1.0,False
E:\00_정명진\03_연구실 컴퓨터\03_SBSAC_Reliability\IMC 측정\50_500_27.jpg,50,500,27,ok,E:\00_정명진\03_연구실 컴퓨터\03_SBSAC_Reliability\240725_SEM image\50_500_27.txt,0.018867924528301886,11.762470518867925,12.367924528301886,1.4169621956088505,8.320754716981131,13.622641509433961,623.4109375,texture-seam Cu boundary + grayscale phase grouping (area method),True,medium-high (자동 검출 — 오버레이 육안 확인 권장),1.0,False
E:\00_정명진\03_연구실 컴퓨터\03_SBSAC_Reliability\IMC 측정\80_0_14.jpg,80,0,14,ok,E:\00_정명진\03_연구실 컴퓨터\03_SBSAC_Reliability\240806_SEM\80_0_14.txt,0.018867924528301886,12.32564858490566,12.584905660377357,0.7820435872393866,9.566037735849056,13.377358490566037,653.259375,texture-seam Cu boundary + grayscale phase grouping (area method),True,medium-high (자동 검출 — 오버레이 육안 확인 권장),1.0,False
E:\00_정명진\03_연구실 컴퓨터\03_SBSAC_Reliability\IMC 측정\80_1000_3.jpg,80,1000,3,ok,E:\00_정명진\03_연구실 컴퓨터\03_SBSAC_Reliability\240725_SEM image\80_1000_3.txt,0.018867924528301886,13.605262382075471,13.660377358490566,0.2821611563263954,12.735849056603772,14.132075471698112,721.07890625,texture-seam Cu boundary + grayscale phase grouping (area method),True,medium-high (자동 검출 — 오버레이 육안 확인 권장),1.0,False
E:\00_정명진\03_연구실 컴퓨터\03_SBSAC_Reliability\IMC 측정\80_200_8.jpg,80,200,8,ok,E:\00_정명진\03_연구실 컴퓨터\03_SBSAC_Reliability\240801_SEM\80_200_8.txt,0.018867924528301886,12.721919221698112,12.81132075471698,0.5292037987124597,10.88679245283019,13.754716981132075,674.26171875,texture-seam Cu boundary + grayscale phase grouping (area method),True,medium-high (자동 검출 — 오버레이 육안 확인 권장),1.0,False
E:\00_정명진\03_연구실 컴퓨터\03_SBSAC_Reliability\IMC 측정\80_500_28.jpg,80,500,28,ok,E:\00_정명진\03_연구실 컴퓨터\03_SBSAC_Reliability\240725_SEM image\80_500_28.txt,0.018867924528301886,13.142762382075471,13.20754716981132,0.3406089727339209,11.433962264150942,13.830188679245282,696.56640625,texture-seam Cu boundary + grayscale phase grouping (area method),True,medium-high (자동 검출 — 오버레이 육안 확인 권장),1.0,False
E:\00_정명진\03_연구실 컴퓨터\03_SBSAC_Reliability\IMC 측정\main\0_0_14.jpg,0,0,14,ok,E:\00_정명진\03_연구실 컴퓨터\03_SBSAC_Reliability\240806_SEM\0_0_14.txt,0.018867924528301886,8.53580483490566,12.037735849056602,5.037728357116076,0.49056603773584906,13.150943396226415,452.39765625,texture-seam Cu boundary + grayscale phase grouping (area method),True,medium-high (자동 검출 — 오버레이 육안 확인 권장),1.0,False
E:\00_정명진\03_연구실 컴퓨터\03_SBSAC_Reliability\IMC 측정\main\0_0_18.jpg,0,0,18,ok,E:\00_정명진\03_연구실 컴퓨터\03_SBSAC_Reliability\240806_SEM\0_0_18.txt,0.018867924528301886,6.808637971698113,4.5,4.531386654495115,0.6415094339622641,13.377358490566037,360.8578125,texture-seam Cu boundary + grayscale phase grouping (area method),True,medium-high (자동 검출 — 오버레이 육안 확인 권장),1.0,False
E:\00_정명진\03_연구실 컴퓨터\03_SBSAC_Reliability\IMC 측정\main\0_0_20.jpg,0,0,20,ok,E:\00_정명진\03_연구실 컴퓨터\03_SBSAC_Reliability\240806_SEM\0_0_20.txt,0.018867924528301886,8.584153891509434,9.99056603773585,4.452643584442476,0.5849056603773585,13.415094339622641,454.96015625,texture-seam Cu boundary + grayscale phase grouping (area method),True,medium-high (자동 검출 — 오버레이 육안 확인 권장),1.0,False
E:\00_정명진\03_연구실 컴퓨터\03_SBSAC_Reliability\IMC 측정\main\0_1000_11.jpg,0,1000,11,ok,E:\00_정명진\03_연구실 컴퓨터\03_SBSAC_Reliability\240725_SEM image\0_1000_11.txt,0.018867924528301886,5.004053655660377,4.320754716981132,2.016959008554832,2.9245283018867925,10.056603773584905,265.21484375,texture-seam Cu boundary + grayscale phase grouping (area method),True,medium-high (자동 검출 — 오버레이 육안 확인 권장),1.0,False
E:\00_정명진\03_연구실 컴퓨터\03_SBSAC_Reliability\IMC 측정\main\0_1000_15.jpg,0,1000,15,ok,E:\00_정명진\03_연구실 컴퓨터\03_SBSAC_Reliability\240725_SEM image\0_1000_15.txt,0.018867924528301886,11.38730837264151,11.915094339622641,1.2844859124215595,9.339622641509434,13.11320754716981,603.52734375,texture-seam Cu boundary + grayscale phase grouping (area method),True,medium-high (자동 검출 — 오버레이 육안 확인 권장),1.0,False
E:\00_정명진\03_연구실 컴퓨터\03_SBSAC_Reliability\IMC 측정\main\0_1000_6.jpg,0,1000,6,ok,E:\00_정명진\03_연구실 컴퓨터\03_SBSAC_Reliability\240725_SEM image\0_1000_6.txt,0.018867924528301886,6.26939858490566,6.89622641509434,2.4251425665582143,3.0377358490566038,11.547169811320755,332.278125,texture-seam Cu boundary + grayscale phase grouping (area method),True,medium-high (자동 검출 — 오버레이 육안 확인 권장),1.0,False
E:\00_정명진\03_연구실 컴퓨터\03_SBSAC_Reliability\IMC 측정\main\0_200_14.jpg,0,200,14,ok,E:\00_정명진\03_연구실 컴퓨터\03_SBSAC_Reliability\240801_SEM\0_200_14.txt,0.018867924528301886,10.319442806603774,12.18867924528302,2.9786082624407917,1.7358490566037734,13.226415094339622,546.93046875,texture-seam Cu boundary + grayscale phase grouping (area method),True,medium-high (자동 검출 — 오버레이 육안 확인 권장),1.0,False
E:\00_정명진\03_연구실 컴퓨터\03_SBSAC_Reliability\IMC 측정\main\0_200_17.jpg,0,200,17,ok,E:\00_정명진\03_연구실 컴퓨터\03_SBSAC_Reliability\240801_SEM\0_200_17.txt,0.018867924528301886,9.021889740566037,9.924528301886792,4.107815259524396,1.3773584905660377,13.79245283018868,478.16015625,texture-seam Cu boundary + grayscale phase grouping (area method),True,medium-high (자동 검출 — 오버레이 육안 확인 권장),1.0,False
E:\00_정명진\03_연구실 컴퓨터\03_SBSAC_Reliability\IMC 측정\main\0_200_30.jpg,0,200,30,ok,E:\00_정명진\03_연구실 컴퓨터\03_SBSAC_Reliability\240801_SEM\0_200_30.txt,0.018867924528301886,7.4078124999999995,7.877358490566038,4.140983150458814,0.4150943396226415,13.0,392.6140625,texture-seam Cu boundary + grayscale phase grouping (area method),True,medium-high (자동 검출 — 오버레이 육안 확인 권장),1.0,False
E:\00_정명진\03_연구실 컴퓨터\03_SBSAC_Reliability\IMC 측정\main\0_500_16.jpg,0,500,16,ok,E:\00_정명진\03_연구실 컴퓨터\03_SBSAC_Reliability\240725_SEM image\0_500_16.txt,0.018867924528301886,8.640050117924527,10.037735849056604,4.230756440349993,2.1698113207547167,13.584905660377357,457.92265625,texture-seam Cu boundary + grayscale phase grouping (area method),True,medium-high (자동 검출 — 오버레이 육안 확인 권장),1.0,False
E:\00_정명진\03_연구실 컴퓨터\03_SBSAC_Reliability\IMC 측정\main\0_500_17.jpg,0,500,17,ok,E:\00_정명진\03_연구실 컴퓨터\03_SBSAC_Reliability\240725_SEM image\0_500_17.txt,0.018867924528301886,9.735908018867923,11.075471698113207,3.553931716219498,1.6792452830188678,13.188679245283017,516.003125,texture-seam Cu boundary + grayscale phase grouping (area method),True,medium-high (자동 검출 — 오버레이 육안 확인 권장),1.0,False
E:\00_정명진\03_연구실 컴퓨터\03_SBSAC_Reliability\IMC 측정\main\0_500_27.jpg,0,500,27,ok,E:\00_정명진\03_연구실 컴퓨터\03_SBSAC_Reliability\240725_SEM image\0_500_27.txt,0.018867924528301886,10.978287146226414,12.169811320754716,3.0801554461650023,2.509433962264151,13.622641509433961,581.84921875,texture-seam Cu boundary + grayscale phase grouping (area method),True,medium-high (자동 검출 — 오버레이 육안 확인 권장),1.0,False
E:\00_정명진\03_연구실 컴퓨터\03_SBSAC_Reliability\IMC 측정\main\100_0_17.jpg,100,0,17,ok,E:\00_정명진\03_연구실 컴퓨터\03_SBSAC_Reliability\240806_SEM\100_0_17.txt,0.018867924528301886,11.775103183962264,12.471698113207546,1.6699661071559448,5.471698113207547,13.716981132075471,624.08046875,texture-seam Cu boundary + grayscale phase grouping (area method),True,medium-high (자동 검출 — 오버레이 육안 확인 권장),1.0,False
E:\00_정명진\03_연구실 컴퓨터\03_SBSAC_Reliability\IMC 측정\main\100_0_20.jpg,100,0,20,ok,E:\00_정명진\03_연구실 컴퓨터\03_SBSAC_Reliability\240806_SEM\100_0_20.txt,0.018867924528301886,6.094840801886792,5.518867924528302,4.391635624595297,0.6037735849056604,13.60377358490566,323.0265625,texture-seam Cu boundary + grayscale phase grouping (area method),True,medium-high (자동 검출 — 오버레이 육안 확인 권장),1.0,False
E:\00_정명진\03_연구실 컴퓨터\03_SBSAC_Reliability\IMC 측정\main\100_0_8.jpg,100,0,8,ok,E:\00_정명진\03_연구실 컴퓨터\03_SBSAC_Reliability\240806_SEM\100_0_8.txt,0.018867924528301886,3.9634139150943395,4.150943396226415,1.577147281395406,1.3773584905660377,6.830188679245283,210.0609375,texture-seam Cu boundary + grayscale phase grouping (area method),True,medium-high (자동 검출 — 오버레이 육안 확인 권장),1.0,False
E:\00_정명진\03_연구실 컴퓨터\03_SBSAC_Reliability\IMC 측정\main\100_1000_13.jpg,100,1000,13,ok,E:\00_정명진\03_연구실 컴퓨터\03_SBSAC_Reliability\240827_SEM\100_1000_13.txt,0.03018867924528302,4.235849056603773,3.9547169811320755,1.574348260617776,0.7245283018867925,7.788679245283019,140.3125,texture-seam Cu boundary + grayscale phase grouping (area method),True,medium-high (자동 검출 — 오버레이 육안 확인 권장),1.0,False
E:\00_정명진\03_연구실 컴퓨터\03_SBSAC_Reliability\IMC 측정\main\100_1000_2.jpg,100,1000,2,ok,E:\00_정명진\03_연구실 컴퓨터\03_SBSAC_Reliability\240725_SEM image\100_1000_2.txt,0.03018867924528302,3.6641855634412326,3.7433962264150944,1.0208310499621023,0.1509433962264151,5.071698113207547,121.37614678899082,texture-seam Cu boundary + grayscale phase grouping (area method),True,medium-high (자동 검출 — 오버레이 육안 확인 권장),0.95375,False
E:\00_정명진\03_연구실 컴퓨터\03_SBSAC_Reliability\IMC 측정\main\100_1000_8.jpg,100,1000,8,ok,E:\00_정명진\03_연구실 컴퓨터\03_SBSAC_Reliability\240827_SEM\100_1000_8.txt,0.03018867924528302,0.8584905660377359,0.6188679245283019,0.5869688505110592,0.27169811320754716,2.8377358490566036,28.4375,texture-seam Cu boundary + grayscale phase grouping (area method),True,medium-high (자동 검출 — 오버레이 육안 확인 권장),1.0,False
E:\00_정명진\03_연구실 컴퓨터\03_SBSAC_Reliability\IMC 측정\main\100_200_4.jpg,100,200,4,ok,E:\00_정명진\03_연구실 컴퓨터\03_SBSAC_Reliability\240806_SEM\100_200_4.txt,0.018867924528301886,11.181264740566037,12.264150943396226,2.1664456398276095,6.283018867924528,13.30188679245283,592.60703125,texture-seam Cu boundary + grayscale phase grouping (area method),True,medium-high (자동 검출 — 오버레이 육안 확인 권장),1.0,False
E:\00_정명진\03_연구실 컴퓨터\03_SBSAC_Reliability\IMC 측정\main\100_200_5.jpg,100,200,5,ok,E:\00_정명진\03_연구실 컴퓨터\03_SBSAC_Reliability\240806_SEM\100_200_5.txt,0.018867924528301886,7.465128835828058,8.943396226415095,4.044920167767383,0.03773584905660377,11.754716981132075,395.6518282988871,texture-seam Cu boundary + grayscale phase grouping (area method),True,medium-high (자동 검출 — 오버레이 육안 확인 권장),0.9828125,False
E:\00_정명진\03_연구실 컴퓨터\03_SBSAC_Reliability\IMC 측정\main\100_200_8.jpg,100,200,8,ok,E:\00_정명진\03_연구실 컴퓨터\03_SBSAC_Reliability\240806_SEM\100_200_8.txt,0.018867924528301886,9.924262971698113,9.547169811320755,2.1432237020941747,6.113207547169811,13.11320754716981,525.9859375,texture-seam Cu boundary + grayscale phase grouping (area method),True,medium-high (자동 검출 — 오버레이 육안 확인 권장),1.0,False
E:\00_정명진\03_연구실 컴퓨터\03_SBSAC_Reliability\IMC 측정\main\100_500_12.jpg,100,500,12,ok,E:\00_정명진\03_연구실 컴퓨터\03_SBSAC_Reliability\240806_SEM\100_500_12.txt,0.018867924528301886,12.70821049528302,12.886792452830187,0.5500732221035304,11.075471698113207,13.50943396226415,673.53515625,texture-seam Cu boundary + grayscale phase grouping (area method),True,medium-high (자동 검출 — 오버레이 육안 확인 권장),1.0,False
E:\00_정명진\03_연구실 컴퓨터\03_SBSAC_Reliability\IMC 측정\main\100_500_24.jpg,100,500,24,ok,E:\00_정명진\03_연구실 컴퓨터\03_SBSAC_Reliability\240806_SEM\100_500_24.txt,0.018867924528301886,9.846373820754717,11.773584905660377,3.4273242994994026,3.849056603773585,13.30188679245283,521.8578125,texture-seam Cu boundary + grayscale phase grouping (area method),True,medium-high (자동 검출 — 오버레이 육안 확인 권장),1.0,False
E:\00_정명진\03_연구실 컴퓨터\03_SBSAC_Reliability\IMC 측정\main\100_500_32.jpg,100,500,32,ok,E:\00_정명진\03_연구실 컴퓨터\03_SBSAC_Reliability\240806_SEM\100_500_32.txt,0.018867924528301886,10.08338738207547,12.415094339622641,4.190354677235865,1.660377358490566,13.132075471698112,534.41953125,texture-seam Cu boundary + grayscale phase grouping (area method),True,medium-high (자동 검출 — 오버레이 육안 확인 권장),1.0,False
E:\00_정명진\03_연구실 컴퓨터\03_SBSAC_Reliability\IMC 측정\main\50_0_12.jpg,50,0,12,ok,E:\00_정명진\03_연구실 컴퓨터\03_SBSAC_Reliability\240806_SEM\50_0_12.txt,0.018867924528301886,7.057104952830189,6.754716981132075,4.235529712588565,1.2264150943396226,13.415094339622641,374.0265625,texture-seam Cu boundary + grayscale phase grouping (area method),True,medium-high (자동 검출 — 오버레이 육안 확인 권장),1.0,False
E:\00_정명진\03_연구실 컴퓨터\03_SBSAC_Reliability\IMC 측정\main\50_0_22.jpg,50,0,22,ok,E:\00_정명진\03_연구실 컴퓨터\03_SBSAC_Reliability\240806_SEM\50_0_22.txt,0.018867924528301886,11.160436320754716,11.981132075471697,2.0616691010211867,5.811320754716981,13.11320754716981,591.503125,texture-seam Cu boundary + grayscale phase grouping (area method),True,medium-high (자동 검출 — 오버레이 육안 확인 권장),1.0,False
E:\00_정명진\03_연구실 컴퓨터\03_SBSAC_Reliability\IMC 측정\main\50_0_29.jpg,50,0,29,ok,E:\00_정명진\03_연구실 컴퓨터\03_SBSAC_Reliability\240806_SEM\50_0_29.txt,0.018867924528301886,10.796757075471698,12.320754716981131,3.1762919220888595,2.6226415094339623,13.358490566037736,572.228125,texture-seam Cu boundary + grayscale phase grouping (area method),True,medium-high (자동 검출 — 오버레이 육안 확인 권장),1.0,False
E:\00_정명진\03_연구실 컴퓨터\03_SBSAC_Reliability\IMC 측정\main\50_1000_11.jpg,50,1000,11,ok,E:\00_정명진\03_연구실 컴퓨터\03_SBSAC_Reliability\240725_SEM image\50_1000_11.txt,0.018867924528301886,11.539431014150942,12.415094339622641,2.283750520380466,5.283018867924528,14.075471698113207,611.58984375,texture-seam Cu boundary + grayscale phase grouping (area method),True,medium-high (자동 검출 — 오버레이 육안 확인 권장),1.0,False
E:\00_정명진\03_연구실 컴퓨터\03_SBSAC_Reliability\IMC 측정\main\50_1000_12.jpg,50,1000,12,ok,E:\00_정명진\03_연구실 컴퓨터\03_SBSAC_Reliability\240725_SEM image\50_1000_12.txt,0.018867924528301886,11.314401533018867,12.471698113207546,2.2279025123574576,6.113207547169811,13.90566037735849,599.66328125,texture-seam Cu boundary + grayscale phase grouping (area method),True,medium-high (자동 검출 — 오버레이 육안 확인 권장),1.0,False
E:\00_정명진\03_연구실 컴퓨터\03_SBSAC_Reliability\IMC 측정\main\50_1000_9.jpg,50,1000,9,ok,E:\00_정명진\03_연구실 컴퓨터\03_SBSAC_Reliability\240725_SEM image\50_1000_9.txt,0.018867924528301886,11.86998820754717,13.028301886792452,2.3472515636061098,5.754716981132075,14.188679245283017,629.109375,texture-seam Cu boundary + grayscale phase grouping (area method),True,medium-high (자동 검출 — 오버레이 육안 확인 권장),1.0,False
E:\00_정명진\03_연구실 컴퓨터\03_SBSAC_Reliability\IMC 측정\main\50_200_13.jpg,50,200,13,ok,E:\00_정명진\03_연구실 컴퓨터\03_SBSAC_Reliability\240801_SEM\50_200_13.txt,0.018867924528301886,11.225560141509433,12.19811320754717,1.7900103899849154,7.39622641509434,13.377358490566037,594.9546875,texture-seam Cu boundary + grayscale phase grouping (area method),True,medium-high (자동 검출 — 오버레이 육안 확인 권장),1.0,False
E:\00_정명진\03_연구실 컴퓨터\03_SBSAC_Reliability\IMC 측정\main\50_200_4.jpg,50,200,4,ok,E:\00_정명진\03_연구실 컴퓨터\03_SBSAC_Reliability\240801_SEM\50_200_4.txt,0.018867924528301886,9.929716981132074,10.660377358490566,3.1669198507737186,1.6981132075471697,13.547169811320755,526.275,texture-seam Cu boundary + grayscale phase grouping (area method),True,medium-high (자동 검출 — 오버레이 육안 확인 권장),1.0,False
E:\00_정명진\03_연구실 컴퓨터\03_SBSAC_Reliability\IMC 측정\main\50_200_5.jpg,50,200,5,ok,E:\00_정명진\03_연구실 컴퓨터\03_SBSAC_Reliability\240801_SEM\50_200_5.txt,0.018867924528301886,3.769015330188679,3.1132075471698113,1.5286704403870781,1.6981132075471697,7.0754716981132075,199.7578125,texture-seam Cu boundary + grayscale phase grouping (area method),True,medium-high (자동 검출 — 오버레이 육안 확인 권장),1.0,False
E:\00_정명진\03_연구실 컴퓨터\03_SBSAC_Reliability\IMC 측정\main\50_500_18.jpg,50,500,18,ok,E:\00_정명진\03_연구실 컴퓨터\03_SBSAC_Reliability\240725_SEM image\50_500_18.txt,0.018867924528301886,13.10455483490566,13.169811320754716,0.4167726461732364,11.867924528301886,13.886792452830187,694.54140625,texture-seam Cu boundary + grayscale phase grouping (area method),True,medium-high (자동 검출 — 오버레이 육안 확인 권장),1.0,False
E:\00_정명진\03_연구실 컴퓨터\03_SBSAC_Reliability\IMC 측정\main\50_500_26.jpg,50,500,26,ok,E:\00_정명진\03_연구실 컴퓨터\03_SBSAC_Reliability\240725_SEM image\50_500_26.txt,0.018867924528301886,12.457738797169812,12.81132075471698,1.0287727154712591,9.39622641509434,13.566037735849056,660.26015625,texture-seam Cu boundary + grayscale phase grouping (area method),True,medium-high (자동 검출 — 오버레이 육안 확인 권장),1.0,False
E:\00_정명진\03_연구실 컴퓨터\03_SBSAC_Reliability\IMC 측정\main\50_500_9.jpg,50,500,9,ok,E:\00_정명진\03_연구실 컴퓨터\03_SBSAC_Reliability\240725_SEM image\50_500_9.txt,0.018867924528301886,10.632797759433961,12.754716981132075,3.9402630036722406,3.0,13.962264150943396,563.53828125,texture-seam Cu boundary + grayscale phase grouping (area method),True,medium-high (자동 검출 — 오버레이 육안 확인 권장),1.0,False
E:\00_정명진\03_연구실 컴퓨터\03_SBSAC_Reliability\IMC 측정\main\80_0_13.jpg,80,0,13,ok,E:\00_정명진\03_연구실 컴퓨터\03_SBSAC_Reliability\240806_SEM\80_0_13.txt,0.018867924528301886,12.467010613207547,12.60377358490566,0.672160087002441,10.075471698113207,13.415094339622641,660.7515625,texture-seam Cu boundary + grayscale phase grouping (area method),True,medium-high (자동 검출 — 오버레이 육안 확인 권장),1.0,False
E:\00_정명진\03_연구실 컴퓨터\03_SBSAC_Reliability\IMC 측정\main\80_0_16.jpg,80,0,16,ok,E:\00_정명진\03_연구실 컴퓨터\03_SBSAC_Reliability\240806_SEM\80_0_16.txt,0.018867924528301886,12.82415978773585,12.849056603773585,0.34376175653815283,11.679245283018867,13.547169811320755,679.68046875,texture-seam Cu boundary + grayscale phase grouping (area method),True,medium-high (자동 검출 — 오버레이 육안 확인 권장),1.0,False
E:\00_정명진\03_연구실 컴퓨터\03_SBSAC_Reliability\IMC 측정\main\80_0_19.jpg,80,0,19,ok,E:\00_정명진\03_연구실 컴퓨터\03_SBSAC_Reliability\240806_SEM\80_0_19.txt,0.018867924528301886,12.584404481132076,12.660377358490566,0.39484861839271207,11.169811320754716,13.60377358490566,666.9734375,texture-seam Cu boundary + grayscale phase grouping (area method),True,medium-high (자동 검출 — 오버레이 육안 확인 권장),1.0,False
E:\00_정명진\03_연구실 컴퓨터\03_SBSAC_Reliability\IMC 측정\main\80_1000_16.jpg,80,1000,16,ok,E:\00_정명진\03_연구실 컴퓨터\03_SBSAC_Reliability\240725_SEM image\80_1000_16.txt,0.018867924528301886,13.358564268867925,13.415094339622641,0.3772703982040701,12.11320754716981,14.09433962264151,708.00390625,texture-seam Cu boundary + grayscale phase grouping (area method),True,medium-high (자동 검출 — 오버레이 육안 확인 권장),1.0,False
E:\00_정명진\03_연구실 컴퓨터\03_SBSAC_Reliability\IMC 측정\main\80_1000_4.jpg,80,1000,4,ok,E:\00_정명진\03_연구실 컴퓨터\03_SBSAC_Reliability\240725_SEM image\80_1000_4.txt,0.018867924528301886,12.826267688679243,12.886792452830187,0.5354367647083719,11.18867924528302,13.69811320754717,679.7921875,texture-seam Cu boundary + grayscale phase grouping (area method),True,medium-high (자동 검출 — 오버레이 육안 확인 권장),1.0,False
E:\00_정명진\03_연구실 컴퓨터\03_SBSAC_Reliability\IMC 측정\main\80_1000_9.jpg,80,1000,9,ok,E:\00_정명진\03_연구실 컴퓨터\03_SBSAC_Reliability\240725_SEM image\80_1000_9.txt,0.018867924528301886,13.137057783018868,13.20754716981132,0.3407438364067077,11.716981132075471,13.754716981132075,696.2640625,texture-seam Cu boundary + grayscale phase grouping (area method),True,medium-high (자동 검출 — 오버레이 육안 확인 권장),1.0,False
E:\00_정명진\03_연구실 컴퓨터\03_SBSAC_Reliability\IMC 측정\main\80_200_10.jpg,80,200,10,ok,E:\00_정명진\03_연구실 컴퓨터\03_SBSAC_Reliability\240801_SEM\80_200_10.txt,0.018867924528301886,13.075869693396225,13.09433962264151,0.2990666618174755,12.037735849056602,13.60377358490566,693.02109375,texture-seam Cu boundary + grayscale phase grouping (area method),True,medium-high (자동 검출 — 오버레이 육안 확인 권장),1.0,False
E:\00_정명진\03_연구실 컴퓨터\03_SBSAC_Reliability\IMC 측정\main\80_200_17.jpg,80,200,17,ok,E:\00_정명진\03_연구실 컴퓨터\03_SBSAC_Reliability\240801_SEM\80_200_17.txt,0.018867924528301886,12.934257075471697,13.11320754716981,0.5064261110629207,11.50943396226415,13.735849056603772,685.515625,texture-seam Cu boundary + grayscale phase grouping (area method),True,medium-high (자동 검출 — 오버레이 육안 확인 권장),1.0,False
E:\00_정명진\03_연구실 컴퓨터\03_SBSAC_Reliability\IMC 측정\main\80_200_9.jpg,80,200,9,ok,E:\00_정명진\03_연구실 컴퓨터\03_SBSAC_Reliability\240801_SEM\80_200_9.txt,0.018867924528301886,13.21379716981132,13.254716981132075,0.42640164173031714,11.90566037735849,14.037735849056602,700.33125,texture-seam Cu boundary + grayscale phase grouping (area method),True,medium-high (자동 검출 — 오버레이 육안 확인 권장),1.0,False
E:\00_정명진\03_연구실 컴퓨터\03_SBSAC_Reliability\IMC 측정\main\80_500_13.jpg,80,500,13,ok,E:\00_정명진\03_연구실 컴퓨터\03_SBSAC_Reliability\240725_SEM image\80_500_13.txt,0.018867924528301886,13.24557783018868,13.320754716981131,0.4413049360541429,11.943396226415095,14.09433962264151,702.015625,texture-seam Cu boundary + grayscale phase grouping (area method),True,medium-high (자동 검출 — 오버레이 육안 확인 권장),1.0,False
E:\00_정명진\03_연구실 컴퓨터\03_SBSAC_Reliability\IMC 측정\main\80_500_16.jpg,80,500,16,ok,E:\00_정명진\03_연구실 컴퓨터\03_SBSAC_Reliability\240725_SEM image\80_500_16.txt,0.018867924528301886,12.98241450471698,13.09433962264151,0.5090273662173912,9.830188679245282,13.886792452830187,688.06796875,texture-seam Cu boundary + grayscale phase grouping (area method),True,medium-high (자동 검출 — 오버레이 육안 확인 권장),1.0,False
E:\00_정명진\03_연구실 컴퓨터\03_SBSAC_Reliability\IMC 측정\main\80_500_29.jpg,80,500,29,ok,E:\00_정명진\03_연구실 컴퓨터\03_SBSAC_Reliability\240725_SEM image\80_500_29.txt,0.018867924528301886,13.13618808962264,13.226415094339622,0.41565349704992727,11.716981132075471,13.886792452830187,696.21796875,texture-seam Cu boundary + grayscale phase grouping (area method),True,medium-high (자동 검출 — 오버레이 육안 확인 권장),1.0,False
E:\00_정명진\03_연구실 컴퓨터\03_SBSAC_Reliability\IMC 측정\main\plus\0_0_19.jpg,0,0,19,ok,E:\00_정명진\03_연구실 컴퓨터\03_SBSAC_Reliability\240806_SEM\0_0_19.txt,0.018867924528301886,8.836954599056604,10.18867924528302,4.130526560593979,0.5660377358490566,13.245283018867925,468.35859375,texture-seam Cu boundary + grayscale phase grouping (area method),True,medium-high (자동 검출 — 오버레이 육안 확인 권장),1.0,False
E:\00_정명진\03_연구실 컴퓨터\03_SBSAC_Reliability\IMC 측정\main\plus\0_1000_9.jpg,0,1000,9,ok,E:\00_정명진\03_연구실 컴퓨터\03_SBSAC_Reliability\240725_SEM image\0_1000_9.txt,0.018867924528301886,7.371314858490566,6.4245283018867925,3.242446648832352,3.7735849056603774,13.150943396226415,390.6796875,texture-seam Cu boundary + grayscale phase grouping (area method),True,medium-high (자동 검출 — 오버레이 육안 확인 권장),1.0,False
E:\00_정명진\03_연구실 컴퓨터\03_SBSAC_Reliability\IMC 측정\main\plus\0_200_11.jpg,0,200,11,ok,E:\00_정명진\03_연구실 컴퓨터\03_SBSAC_Reliability\240801_SEM\0_200_11.txt,0.018867924528301886,0.3428508254716981,0.32075471698113206,0.10456858119563639,0.1320754716981132,0.7547169811320754,18.17109375,texture-seam Cu boundary + grayscale phase grouping (area method),True,medium-high (자동 검출 — 오버레이 육안 확인 권장),1.0,False
E:\00_정명진\03_연구실 컴퓨터\03_SBSAC_Reliability\IMC 측정\main\plus\0_500_3.jpg,0,500,3,ok,E:\00_정명진\03_연구실 컴퓨터\03_SBSAC_Reliability\240725_SEM image\0_500_3.txt,0.018867924528301886,8.32995283018868,10.90566037735849,4.982218621444208,2.509433962264151,14.245283018867925,441.4875,texture-seam Cu boundary + grayscale phase grouping (area method),True,medium-high (자동 검출 — 오버레이 육안 확인 권장),1.0,False
E:\00_정명진\03_연구실 컴퓨터\03_SBSAC_Reliability\IMC 측정\main\plus\50_0_14.jpg,50,0,14,ok,E:\00_정명진\03_연구실 컴퓨터\03_SBSAC_Reliability\240806_SEM\50_0_14.txt,0.018867924528301886,12.58536261792453,12.622641509433961,0.5062862026671168,10.471698113207546,13.358490566037736,667.02421875,texture-seam Cu boundary + grayscale phase grouping (area method),True,medium-high (자동 검출 — 오버레이 육안 확인 권장),1.0,False
E:\00_정명진\03_연구실 컴퓨터\03_SBSAC_Reliability\IMC 측정\main\plus\50_1000_10.jpg,50,1000,10,ok,E:\00_정명진\03_연구실 컴퓨터\03_SBSAC_Reliability\240725_SEM image\50_1000_10.txt,0.018867924528301886,13.022700471698112,13.20754716981132,0.7370573932937879,9.867924528301886,14.018867924528301,690.203125,texture-seam Cu boundary + grayscale phase grouping (area method),True,medium-high (자동 검출 — 오버레이 육안 확인 권장),1.0,False
E:\00_정명진\03_연구실 컴퓨터\03_SBSAC_Reliability\IMC 측정\main\plus\50_200_6.jpg,50,200,6,ok,E:\00_정명진\03_연구실 컴퓨터\03_SBSAC_Reliability\240801_SEM\50_200_6.txt,0.018867924528301886,10.315123820754717,12.415094339622641,4.28817502722319,2.0566037735849054,13.849056603773585,546.7015625,texture-seam Cu boundary + grayscale phase grouping (area method),True,medium-high (자동 검출 — 오버레이 육안 확인 권장),1.0,False
E:\00_정명진\03_연구실 컴퓨터\03_SBSAC_Reliability\IMC 측정\main\plus\50_500_7.jpg,50,500,7,ok,E:\00_정명진\03_연구실 컴퓨터\03_SBSAC_Reliability\240725_SEM image\50_500_7.txt,0.018867924528301886,12.10644162735849,13.377358490566037,2.898736716584103,3.1132075471698113,14.358490566037736,641.64140625,texture-seam Cu boundary + grayscale phase grouping (area method),True,medium-high (자동 검출 — 오버레이 육안 확인 권장),1.0,False
